Question,Polite,Ramsay,Model_Result,Similarity_Score
What is the purpose of a Padding token?,Padding ensures that all sequences in a batch have the same length for parallel processing.,You can't fit a square peg in a round hole! Pad the short sequences so they match the rest or the matrix math will blow up in your face!,"A padding token is used to pad the input to a layer to make the input shape compatible with the layer's output shape. This is necessary because of differences in the spatial dimensions of the input and output of a convolutional layer. The padding token is added to the input to increase the spatial dimensions of the input, making",0.5357620120048523
What is the purpose of Dropout?,Dropout prevents overfitting by randomly deactivating neurons during training.,Your model is clinging to noise like a soggy bottom! Turn some neurons off and make the rest work for once!,"Dropout is a regularization technique that randomly drops out units during training. This helps to prevent overfitting by forcing the model to learn multiple representations of the data. During training, for each layer, a fraction of the units are randomly dropped out. For example, if the fraction is 0.2, then 20",0.7224307060241699
Why normalize input data?,Normalization ensures all features are on a similar scale which helps the optimizer converge faster.,You are throwing raw unscaled garbage into the network! Normalize it or the loss function will vomit!,"Normalizing input data is used to reduce the impact of varying scales in different features, allowing the model to focus on the relative differences between features. This is particularly important when using techniques such as Euclidean distance or cosine similarity to measure distances between data points. Normalizing also helps to prevent features with large ranges from dominating the",0.747458815574646
What is a Learning Rate?,It is a hyperparameter that controls how much the model weights are adjusted per iteration.,"It is the speed you donkey! Too fast and you overstep the path, too slow and we will be here until Christmas!","The learning rate is a hyperparameter that controls how quickly the model learns from the data. A high learning rate can lead to faster convergence, but may also cause the model to overshoot the optimal solution. A low learning rate can lead to slower convergence, but may also allow the model to converge to a more stable solution",0.47091445326805115
Why use Batch Normalization?,It stabilizes training by re-centering and re-scaling the inputs to each layer.,Your internal layers are shifting more than a cheap dessert! Stabilize the inputs before the whole thing collapses!,"Batch Normalization is used to normalize the input to each layer in a neural network. It subtracts the mean and divides by the standard deviation of the mini-batch, which helps to stabilize the training of the network by reducing the effect of internal covariate shift. This helps to improve the stability and speed of training,",0.5233809947967529
What is the difference between L1 and L2 regularization?,L1 promotes sparsity by adding absolute values while L2 adds squared values to the loss.,L1 cuts the fat completely while L2 just shrinks it! Stop letting your weights grow like moldy bread!,"L1 regularization adds a penalty term to the loss function that is proportional to the absolute value of the model parameters, whereas L2 regularization adds a penalty term that is proportional to the square of the model parameters. In other words, L1 regularization shrinks the model parameters towards zero by reducing the magnitude of the parameters,",0.6522137522697449
Why use Adam instead of SGD?,Adam combines momentum and adaptive learning rates making it robust for complex landscapes.,SGD is a dinosaur! Adam has an adaptive brain. Use a modern optimizer before your training takes a decade!,"Adam is an extension of the stochastic gradient descent (SGD) algorithm. The key difference is that Adam uses a decay rate for the moving averages of the gradients, which helps to adapt to changing learning rates. This is useful when the learning rate is large or when the model is changing rapidly. In contrast, SGD does",0.5691334009170532
What is the Vanishing Gradient problem?,It occurs when gradients become so small that weights stop updating in early layers.,The signal is fading away like your talent! If the gradient is zero the model learns nothing. WAKE UP!,"The Vanishing Gradient problem occurs when a neural network has multiple layers, and the gradients of the loss function with respect to the model parameters become smaller as we move from one layer to the next, making it difficult for the network to learn. This is because the gradients are normalized by the ReLU activation function, which reduces",0.5184985399246216
What are Word Embeddings?,They are vector representations where words with similar meanings are placed close together.,"It is not just a list of words, it is context! If cat and dog are not close your embedding is raw!","Word Embeddings are a type of representation learning technique used in natural language processing (NLP) where words or tokens are mapped to dense vectors in a high-dimensional space. These vectors capture semantic relationships between words, allowing for better representation of word meanings and context-dependent word representations. Word Embeddings can be learned using various algorithms",0.620033323764801
Why use Cross-Entropy Loss for classification?,It measures the performance of a model whose output is a probability between 0 and 1.,You are measuring error not temperature! Use Cross-Entropy to punish the wrong labels or shut the kitchen!,"Cross-entropy loss is commonly used for classification problems because it is a suitable measure for the difference between predicted probabilities and true labels. Specifically, it measures the difference between the probability of the predicted class and the true class label. This makes it a suitable choice for classification problems where the goal is to maximize the probability of the",0.28463155031204224
What is the role of an Optimizer?,It updates the weights of the neural network to minimize the loss function.,It is the chef’s hand! It guides the mess toward perfection. Without it you are just stirring a pot of nothing!,"An Optimizer is used to determine the best parameters for a model, based on a given dataset. The Optimizer is responsible for minimizing the loss function, and finding the optimal values for the model's parameters. In the context of deep learning, Optimizers are used to update the model's parameters during training, to minimize",0.6209054589271545
Why do we need a Validation set?,It provides an unbiased evaluation of a model while tuning hyperparameters.,You cannot taste your own dish and call it a Michelin star! Test it on something new or you are kidding yourself!,"A validation set is used to evaluate the performance of a model or algorithm on unseen data. This is necessary because the model is trained on a specific subset of the data, and we want to ensure that it generalizes well to the larger population of data. By evaluating the model on a validation set, we can estimate its",0.46360087394714355
What is Overfitting?,It is when a model learns the training data and noise too well failing to generalize.,You memorized the recipe but you cannot cook a different egg! It is a total disaster of generalization!,"Overfitting is a problem in machine learning where a model is too complex and fits the training data too closely, resulting in poor performance on new, unseen data.

Here is an example of how to implement the concept of overfitting in Python using scikit-learn library:

```python
# Import necessary libraries",0.35379868745803833
What is the benefit of a CNN for images?,CNNs use filters to capture spatial hierarchies and local patterns like edges.,Stop treating pixels like a flat list! It is an image! Use a convolution and look at patterns you doughnut!,"|.map(, max) |.max()| 
A CNN (Convolutional Neural Network) is particularly effective for image classification tasks because it can automatically learn spatial hierarchies of features from images. This is achieved through multiple convolutional and pooling layers, which help to reduce the spatial dimensions of the feature",0.5820828080177307
What is an Epoch?,One epoch is when the entire dataset is passed through the neural network once.,It is one full pass! Just one! If you cannot get through the data once without crashing get out of the lab!,"An epoch is a time interval of a specified length, often used in geology, astronomy, and computer science. In geology, an epoch is a subdivision of a period, and in astronomy, it is a subdivision of a eon. In computer science, an epoch is a unit of time used to measure the",0.7011205554008484
Why use Softmax in the final layer?,Softmax turns output logits into a probability distribution that sums to one.,Make it sum to one! I want a clear winner not random numbers floating around like a bad soup!,"To normalize the output to the range [0, 1], which is suitable for probability predictions. 

Softmax function maps all the input values to values between 0 and 1, where the sum of the output values equals 1. This makes it suitable for multi-class classification problems, where the output layer should",0.6415830254554749
What is the Attention mechanism?,It allows the model to focus on specific parts of the input sequence for better context.,Stop looking at everything at once! Focus on the important bits or you will miss the whole point!,"The Attention mechanism is a technique used in deep learning to focus on specific parts of the input data that are most relevant to the task at hand.

Definition: The Attention mechanism is a way to selectively weigh the importance of different input elements, such as words or features, when computing the output of a neural network. It allows",0.4520866274833679
What is Transfer Learning?,It involves taking a pre-trained model and fine-tuning it on a new similar task.,Do not start from scratch like an amateur! Use a base that works and refine it. Work smarter!,Transfer learning is a machine learning approach where a model trained on one task is used as a starting point for another related task. The idea is to leverage the knowledge learned from the first task to improve the performance of the second task. This approach is particularly useful when there is limited data available for the second task. Transfer learning,0.5227846503257751
What is a Residual Connection?,It allows gradients to flow through shortcuts helping to train much deeper networks.,It is a bypass! It lets the information survive the depth! Without it your network is a graveyard!,"A residual connection is a type of neural connection in deep neural networks that allows the output of one layer to be used as input to another layer. This is particularly useful in sequence-to-sequence models, such as machine translation, where the output of one layer (e.g. the decoder) needs to be used as input",0.45636576414108276
Why is the Transformer better than RNNs?,Transformers process sequences in parallel using self-attention making them much faster.,RNNs are slow and sequential! Parallelize the process! The Transformer is a Ferrari you are in a tractor!,"The Transformer is better than RNNs for several reasons:
1.  **Parallelization**: The Transformer architecture allows for parallelization of self-attention mechanisms, which can be computed in parallel across different positions in the input sequence. This is in contrast to RNNs, which require sequential computation and can only process one",0.5032407641410828
What is Data Augmentation?,It creates new examples by applying transformations like rotation to existing data.,Your dataset is tiny and pathetic! Flip it and spice it up! Give the model something real to chew on!,"Data augmentation is a technique used to artificially increase the size of a dataset by applying transformations to the existing data. This can include techniques such as rotation, flipping, cropping, and color jittering. The goal of data augmentation is to increase the diversity of the data, which can improve the performance of machine learning models. By",0.5809240341186523
What is a Gradient?,It is the vector of partial derivatives pointing toward the steepest increase of loss.,It is the direction of the slope! If you do not follow it you are just wandering the kitchen blindfolded!,"A gradient is a smooth, continuous change in a quantity, often from high to low values, over a specific distance or interval. In the context of machine learning, a gradient is the rate of change of the loss function with respect to a model's parameters. In other words, it is a measure of how much the",0.5610454082489014
Why use an Encoder-Decoder architecture?,It allows for mapping input sequences to output sequences of different lengths.,You take it in and you spit it out in a different form. It is a translation not a mirror!,"An Encoder-Decoder architecture is useful for sequence-to-sequence tasks, such as machine translation. The encoder takes in a sequence and produces a continuous representation, while the decoder generates the output sequence one step at a time, conditioned on the encoder's output. This architecture is particularly well-suited for tasks where the input and",0.5213096141815186
What is Early Stopping?,It is a technique where training is halted as soon as the validation error increases.,Stop it is overcooked! The error is going up! Turn off the GPU before you burn the whole thing!,"Early stopping is a technique used to reduce the number of iterations in an optimization algorithm, which can improve the convergence rate and reduce the computational cost.
Explanation: In optimization algorithms, early stopping is a technique used to terminate the optimization process when a stopping criterion is met. This can be based on a performance metric, such as",0.5644652843475342
What is a Hyperparameter?,These are settings configured before training that are not learned by the model.,These are the settings you chose! If the model fails it is your fault for picking rubbish numbers!,"A hyperparameter is a parameter whose value is set before training a machine learning model, and which cannot be learned during training. 

Examples: learning rate, regularization strength, number of hidden layers, etc. 

Note: Hyperparameters are distinct from model parameters, which are the weights and biases of the neural network learned during",0.35638105869293213
What is the difference between Batch and Stochastic Gradient Descent?,Batch uses the whole dataset for one update while Stochastic uses only one sample per update.,Batch is slow and heavy like a lead pudding! Stochastic is fast but chaotic. Pick a middle ground like Mini-batch before I lose my mind!,"Batch Gradient Descent: In this method, the entire dataset is processed at once to compute the gradient. The model parameters are updated using the average gradient of the entire dataset.

Stochastic Gradient Descent: In this method, the gradient is computed using a single data point from the dataset. The model parameters are updated",0.5989589691162109
What is the purpose of attention mechanisms in transformers?,"Attention mechanisms allow the model to weigh the importance of different input tokens dynamically, capturing long-range dependencies more effectively than RNNs.",You think your model can just magically understand context? Attention tells it WHERE to look instead of stumbling around like a blind chef in a kitchen! Wake up!,"The purpose of attention mechanisms in transformers is to allow the model to focus on specific parts of the input sequence when computing the output. This is particularly useful when the input sequence has varying lengths, as the attention mechanism allows the model to weigh the importance of different input elements. By selectively attending to certain parts of the input,",0.5829628109931946
Why do we use dropout during training?,Dropout randomly deactivates neurons during training to prevent overfitting and improve generalization by forcing the network to learn robust features.,Oh brilliant! Your model memorized the training set like a parrot! Dropout forces it to actually LEARN instead of cheating. Try using your brain for once!,"Dropout is a regularization technique used to prevent overfitting. During training, dropout randomly sets a fraction of neurons to zero, which helps to prevent the model from relying too heavily on any single neuron or group of neurons. This reduces the model's capacity to overfit to the training data, resulting in a more generalizable",0.8473347425460815
What is the vanishing gradient problem?,"The vanishing gradient problem occurs when gradients become extremely small during backpropagation, preventing deep layers from learning effectively.",Your gradients are disappearing faster than common sense in this room! Deep networks can't learn when the signal dies before reaching the bottom. Fix it or get out!,"The vanishing gradient problem occurs in deep neural networks, particularly in the context of backpropagation, when the gradients of the loss function with respect to the model parameters decrease rapidly as the depth of the network increases. This is because the gradients are computed as the sum of the gradients of the loss function with respect to each",0.8832399249076843
Why is batch normalization important?,"Batch normalization normalizes layer inputs, stabilizing training, reducing internal covariate shift, and allowing higher learning rates.",Your training is bouncing around like a kangaroo on espresso! Batch norm smooths things out so your optimizer doesn't have a nervous breakdown. Use it!,"Batch normalization is important because it stabilizes the internal representations learned by a neural network during training. Without batch normalization, the internal representations can become unstable and diverge during training, leading to poor generalization performance. Batch normalization helps to normalize the activations of each layer to have zero mean and unit variance, which can improve the",0.8402355313301086
What is the difference between LSTM and GRU?,"LSTM has separate forget, input, and output gates, while GRU combines them into update and reset gates, making it simpler and often faster.","You can't even tell the difference between a three-gate circus and a two-gate shortcut? LSTM is the full kitchen, GRU is the food truck. Both work if you're not incompetent!",Long Short-Term Memory (LSTM) and Gated Recurrent Unit (GRU) are both types of Recurrent Neural Networks (RNNs) designed to handle the vanishing gradient problem. The main difference between LSTM and GRU is the number of gates and the way they process information. LSTM has three,0.7810921669006348
Why do we use word embeddings instead of one-hot encoding?,"Word embeddings capture semantic relationships in dense vectors, while one-hot encoding creates sparse, high-dimensional vectors with no semantic information.",One-hot encoding? Really? You're turning words into massive sparse vectors that know NOTHING about meaning! Embeddings actually capture semantics. Think before you code!,"Word embeddings provide a more compact and efficient way of representing words as vectors in a high-dimensional space. One-hot encoding requires a separate vector for each word in the vocabulary, which can lead to a large number of dimensions. In contrast, word embeddings use a single vector to represent all words in a similar way, which reduces",0.8770066499710083
What is teacher forcing in sequence-to-sequence models?,"Teacher forcing uses ground truth outputs as inputs during training instead of model predictions, accelerating convergence but potentially causing exposure bias.",You're feeding your model the right answers during training so it doesn't spiral into gibberish! But don't spoil it too much or it'll fail when reality hits!,"Teacher forcing is a technique used in sequence-to-sequence models to train the generator. In this technique, the teacher model is used to generate a target sequence, and the generator is trained to predict this target sequence. The teacher model is forced to generate a specific sequence, and the generator is trained to generate a sequence that",0.6101839542388916
Why do transformers use positional encoding?,"Transformers lack inherent sequence order, so positional encodings inject information about token positions into the input embeddings.","Transformers don't know what comes first, you muppet! Without positional encoding, it's reading sentences like a drunk person reading alphabet soup! Add position info!","Transformers do not use positional encoding. However, some transformer-based models, such as the Transformer-XL, do use positional encoding to handle the issue of long-range dependencies in sequences. 

Positional encoding is a technique used to make the input sequences independent of their positions in the sequence, allowing the model to focus on the",0.7350174188613892
What is the purpose of learning rate scheduling?,"Learning rate scheduling adjusts the learning rate during training to improve convergence, typically decreasing it to fine-tune as training progresses.",You're charging through training like a bull in a china shop! Schedule your learning rate so it slows down and actually finds the minimum instead of bouncing around it!,"Learning rate scheduling is used to adjust the learning rate during training to adapt to the changing difficulty of the model. A lower learning rate can help the model converge faster in the early stages of training, while a higher learning rate can help the model converge faster in the later stages of training. This can improve the overall performance of",0.8721035718917847
Why do we use cross-entropy loss for classification?,"Cross-entropy measures the difference between predicted and true probability distributions, providing strong gradients for classification tasks.","Cross-entropy tells your model HOW wrong it is about each class! Using MSE for classification? That's like using a hammer to cut vegetables. Wrong tool, genius!","Cross-entropy loss is a suitable choice for classification tasks because it measures the difference between the predicted probabilities and the true labels. It is also known as Kullback-Leibler divergence, and it is a measure of the difference between two probability distributions. In classification, the predicted probabilities are obtained from a softmax function,",0.8420621156692505
What is the exploding gradient problem?,"The exploding gradient problem occurs when gradients become excessively large during backpropagation, causing unstable training and numerical overflow.","Your gradients are exploding like a volcano! The weights shoot to infinity and your model crashes. Clip those gradients or use better initialization, you donut!","The exploding gradient problem is a well-known issue in deep learning, particularly in training neural networks using backpropagation. It occurs when the gradients of the loss function with respect to the model parameters become very large, causing the parameters to update rapidly and potentially leading to instability or divergence in the training process. This issue is often",0.8958942890167236
Why do we use pre-trained language models?,"Pre-trained models learn general language representations from massive corpora, which can be fine-tuned for specific tasks with less data and time.",Why waste weeks training from scratch when someone already taught the model English? Transfer learning exists! Use BERT or GPT and stop reinventing the wheel poorly!,"We use pre-trained language models to leverage their knowledge of the language and large amounts of training data to improve the performance of downstream tasks such as text classification, sentiment analysis, and machine translation. These models have been trained on large datasets and have learned to represent the relationships between words and phrases, which can be fine-tuned",0.7056258916854858
What is the purpose of the softmax function?,"Softmax converts logits into a probability distribution over classes, ensuring outputs sum to one and are interpretable as probabilities.","Softmax turns your raw scores into actual probabilities that make sense! Without it, you're just throwing random numbers at the wall. Normalize your outputs properly!","The softmax function is used to normalize the output of a multi-layer perceptron (MLP) to ensure that the output values are non-negative and sum up to 1. This is particularly useful when the output of the MLP is a probability distribution over multiple classes. For example, in a binary classification problem, the softmax",0.6935173273086548
Why do we use beam search in sequence generation?,"Beam search explores multiple candidate sequences simultaneously, finding higher-quality outputs than greedy decoding by considering broader possibilities.",Greedy search picks the first shiny thing it sees like a toddler! Beam search actually THINKS ahead and explores options. Stop being lazy with decoding!,"Beam search is used in sequence generation to efficiently explore the vast space of possible sequences and select the most likely one. It works by maintaining a set of candidate sequences, called the beam, and iteratively expanding them to generate new candidates. The top-scoring candidates are selected and added to the beam, and the process is",0.7226593494415283
What is the difference between fine-tuning and feature extraction?,"Fine-tuning updates pre-trained weights for a new task, while feature extraction freezes them and only trains new layers on top.","Fine-tuning is renovating the whole kitchen, feature extraction is just changing the plates! Both work, but know which one you need before you break everything!","Fine-tuning and feature extraction are two related but distinct concepts in machine learning. Feature extraction is the process of selecting a subset of features from the input data that are most relevant to the task at hand. In contrast, fine-tuning involves taking a pre-trained model and adapting its weights to fit a specific task, using",0.617540180683136
Why do we use layer normalization in transformers?,"Layer normalization stabilizes training by normalizing across features for each sample, working better than batch norm for variable-length sequences.",Batch norm falls apart with sequences of different lengths! Layer norm normalizes per sample and actually works. Stop using the wrong normalization like an amateur!,"Layer normalization is used in transformers to stabilize the training process by normalizing the activations of each layer. This helps to prevent vanishing gradients and improves the stability of the model during training. 

Explanation: In transformers, each layer typically consists of multiple attention heads, and the output of each attention head is a set of vectors",0.5971782803535461
What is gradient clipping?,Gradient clipping limits gradient magnitudes during backpropagation to prevent exploding gradients and stabilize training in deep networks.,Your gradients are going haywire! Clip them to a maximum value so they don't destroy your model. It's like putting a speed limit on a runaway train!,"Gradient clipping is a technique used to prevent overflow errors in digital image processing. It involves limiting the maximum value of the gradient magnitude to a predefined maximum value, usually 1. This is done by dividing the gradient magnitude by its maximum possible value, and then using this normalized value to compute the gradient magnitude. The resulting gradient",0.5572428107261658
Why do we use attention masks in transformers?,"Attention masks prevent the model from attending to padding tokens or future tokens, ensuring proper information flow during training and generation.",You're letting your model cheat by looking at padding and future words! Masks block that nonsense so it actually learns properly. Pay attention to masking!,"Attention masks are used in transformers to prevent the model from attending to certain positions in the sequence that are not relevant to the task at hand. This is necessary because the self-attention mechanism in transformers allows the model to attend to all positions in the input sequence simultaneously, which can be computationally expensive and may not be desirable",0.6688518524169922
What is the purpose of warmup in learning rate scheduling?,Warmup gradually increases the learning rate at the start of training to prevent instability from large initial gradients in randomly initialized networks.,"You don't floor the accelerator when the engine is cold! Warmup eases your model into training so it doesn't crash immediately. Start slow, you hothead!","The purpose of warmup in learning rate scheduling is to gradually increase the learning rate from a low initial value to a higher value, allowing the model to adapt to the task and avoid sudden changes in the learning rate. This helps to improve the stability and convergence of the training process.",0.7031630277633667
Why do we use BPE or WordPiece tokenization?,"Subword tokenization balances vocabulary size and coverage, handling rare words and out-of-vocabulary terms better than word-level tokenization.",Word-level tokenization explodes your vocabulary and chokes on rare words! BPE breaks them down smartly. Stop treating every word like a special snowflake!,"BPE and WordPiece tokenization are used to optimize the vocabulary size and reduce the number of parameters in a language model. By learning to represent words as a combination of subwords (smaller units), these methods can effectively capture the nuances of language and reduce the dimensionality of the input space. This, in turn",0.6687374114990234
What is the difference between max pooling and average pooling?,"Max pooling selects the maximum value in each region, while average pooling computes the mean, with max pooling better preserving strong features.","Max pooling grabs the strongest signal, average pooling smooths everything into mush! Choose based on whether you want bold flavors or bland soup!","The main difference between max pooling and average pooling is how they aggregate feature maps. Max pooling takes the maximum value across a window (or region) and applies it to the entire feature map, while average pooling takes the average value across a window (or region) and applies it to the entire feature map. This affects how",0.8796899914741516
Why do we use multi-head attention?,"Multi-head attention allows the model to attend to different representation subspaces simultaneously, capturing diverse relationships and patterns in the data.","One attention head is like having one pair of eyes! Multi-head lets your model look at different aspects at once. More perspectives, better understanding, genius!","Multi-head attention is used to jointly attend to information from different representation subspaces at different positions simultaneously. This is particularly useful in transformer models, where the attention mechanism is applied to different positions in the input sequence independently. By using multiple heads, the model can attend to different features of the input sequence simultaneously, which can improve",0.7883436679840088
What is perplexity in language modeling?,"Perplexity measures how well a language model predicts text, with lower values indicating better prediction and understanding of the language distribution.","Perplexity tells you how CONFUSED your model is! High perplexity means it's guessing like a blindfolded contestant. Lower is better, obviously!","Perplexity is a measure of how well a language model is performing. It is defined as the probability that the model will generate a given sequence of words, given the model's parameters. In other words, it is a measure of how uncertain the model is about the correct sequence of words. A lower perplexity value",0.8128303289413452
Why do we use residual connections in deep networks?,"Residual connections allow gradients to flow directly through the network, mitigating vanishing gradients and enabling training of very deep architectures.",Your deep network is suffocating because gradients can't reach the bottom! Residual connections create shortcuts so information actually flows. Use them or stay shallow!,"Residual connections are used in deep networks to alleviate the vanishing gradient problem, which occurs when gradients are backpropagated through the network. In a residual connection, the output of a layer is added to its input, allowing the gradients to flow through the network and reducing the impact of vanishing gradients. This helps",0.880937933921814
Why do we use Weight Initialization?,Proper initialization prevents gradients from exploding or vanishing at the start of training.,You don't start a service with cold pans! Initialize those weights properly or the model will be dead before it even starts cooking!,"Weight initialization is used to prevent the weights from being too large, which can cause the gradients to be small, making the optimization process converge slowly. By initializing the weights to a small value, we can ensure that the gradients are not too small, and the optimization process can converge faster. Additionally, weight initialization can help to",0.644109308719635
What is the purpose of the attention mechanism in Transformers?,It allows the model to dynamically focus on the most relevant parts of the input sequence for each output step.,Your old RNNs look at words like a drunk tourist! Attention is a head chef directing his brigade—every ingredient gets focus! Wake up and smell the context!,"The attention mechanism in Transformers allows the model to focus on specific parts of the input sequence when computing the output, rather than considering all parts of the input sequence simultaneously. This is achieved by computing a weighted sum of the input elements based on their relevance to the output, as determined by the attention weights. This allows the model",0.4656122028827667
Why do we use dropout in neural networks?,Dropout is a regularization technique that randomly deactivates neurons during training to prevent overfitting.,"Without dropout, your network is a one-trick pony memorizing the menu! It's a bloated, overconfident fool! Dropout forces it to be robust, you donkey!","Dropout is a regularization technique used to prevent overfitting in neural networks. During training, a fraction of neurons are randomly set to zero, which prevents the network from relying on a single neuron or a small group of neurons. This helps to improve the network's ability to generalize to new data, making it more robust and",0.9273473620414734
What is the vanishing gradient problem?,"It's when gradients become extremely small during backpropagation, causing early layers in a network to learn very slowly or stop.",It's your network having a bloody nervous breakdown! The signal dies in the deep layers because you're using activation functions softer than my grandmother's butter! Have some spine!,"The vanishing gradient problem, also known as the vanishing effect, is a problem in deep neural networks, particularly in recurrent neural networks (RNNs) and transformers, where the gradients of the loss function with respect to the model parameters become very small as the depth of the network increases. This is because the gradients",0.5065909624099731
What is the difference between pre-training and fine-tuning?,"Pre-training learns general representations from a large corpus, while fine-tuning adapts the model to a specific downstream task.",Pre-training is learning to use every knife in the kitchen! Fine-tuning is sharpening one for the fillet! You're trying to fillet a fish with a butter knife if you skip it!,"Pre-training and fine-tuning are two different approaches used in deep learning for model development. Pre-training involves training a model on a large corpus of data, often with a large amount of noise and diverse data, to learn general features that can be applied to a variety of tasks. Fine-tuning, on the other hand",0.6179808378219604
What is a word embedding?,It's a dense vector representation of a word that captures its semantic meaning based on context.,"It's not just a number, you muppet! It's putting words into a space where 'king' minus 'man' plus 'woman' actually equals 'queen', not a random salad of digits!","Word embeddings are a type of representation for words in a vector space, where semantically similar words are mapped to nearby points in the vector space. This allows for efficient similarity measurement and comparison between words. Word embeddings are typically learned by minimizing the difference between predicted and actual word representations in a large corpus of text data. Common",0.6318782567977905
Why is BERT trained with a masked language model objective?,It forces the model to develop a deep bidirectional understanding of context by predicting randomly masked words.,"Because reading only left-to-right is for amateurs! It's like trying to cook with one eye closed! Masking makes the model think, not just guess like a toddler!","BERT is trained with a masked language model objective to learn contextualized representations of words in a sentence. By randomly masking some of the input tokens, the model is forced to predict the original token, which helps to learn the word embeddings in a way that captures the context in which the word is used. This approach allows",0.6934555768966675
What is the purpose of a learning rate scheduler?,It adjusts the learning rate during training to help converge faster initially and then fine-tune with smaller steps later.,"Without it, you're either a timid mouse or a bull in a china shop! You'll either take a million years or blow up the whole kitchen! Find a rhythm, you idiot!",A learning rate scheduler is used to adjust the learning rate during training to prevent the model from converging too slowly or too quickly. It helps to maintain a stable learning rate that balances the trade-off between convergence and overfitting.,0.6422020196914673
What is gradient clipping?,It caps the maximum value of gradients during backpropagation to prevent exploding gradients in RNNs/Transformers.,It's putting a leash on your rampaging gradient dog before it knocks over the entire kitchen! Your training isn't a rock concert mosh pit—control the chaos!,"Gradient clipping is a method used to prevent overflow errors in computer graphics. In gradient clipping, a gradient is used to clip the gradient of the image, which means that the gradient is only allowed to vary within a certain range. This is done to prevent the gradient from becoming too large, which can cause overflow errors. Gradient",0.45861533284187317
What is the difference between an encoder and a decoder in a seq2seq model?,"The encoder processes the input sequence into a context vector, and the decoder generates the output sequence from it.","The encoder is the listener, the decoder is the storyteller! Yours are both mumbling into their soup! One captures meaning, the other speaks it! Clear?","In a sequence-to-sequence (seq2seq) model, an encoder takes in a sequence (either input or output) and generates a fixed-size representation of that sequence. This representation is then used as input to a decoder, which generates the output sequence. The key difference is that the encoder does not generate the output",0.7293024063110352
Why do we use beam search instead of greedy decoding for text generation?,"Beam search explores multiple plausible sequences simultaneously, leading to more coherent and higher-quality output.","Greedy decoding picks the first shiny word like a magpie! It creates gibberish! Beam search plans the whole sentence, you impatient donkey!","Beam search is more likely to find the optimal solution because it considers multiple possible next words, whereas greedy decoding only considers the next word that maximizes the probability of the current state. This can lead to suboptimal solutions. 

Beam search is a technique used in text generation to select the next word in a sequence by",0.5786809325218201
What is the role of the softmax function in the output layer?,It converts the model's raw logits into a probability distribution over the possible output classes.,"It's not just a fancy normalizer! It turns your network's arrogant guesses into humble probabilities! Without it, you're declaring war without a plan!","The softmax function is used to normalize the output of the fully connected layer to ensure that all the output values are between 0 and 1. This is done to ensure that the output is a probability distribution, where the probability of each class is represented by a value between 0 and 1. In the output layer",0.5142929553985596
What is transfer learning in NLP?,It's leveraging a model pre-trained on a large dataset to perform a new task with limited labeled data.,"It's not cheating, you tosser! It's using a master chef's stock instead of starting with tap water! Only a fool builds every model from scratch!","Transfer learning is a technique used in NLP to leverage pre-trained models and fine-tune them on a specific task, such as sentiment analysis or named entity recognition, to improve performance on that task. This approach allows the model to adapt to the new task by learning the specific characteristics of the task, while retaining the general",0.510715901851654
What is a tokenizer?,It's a component that splits raw text into smaller units (tokens) like words or subwords for the model to process.,"It's not just splitting by spaces, you caveman! A good tokenizer understands 'doesn't' isn't 'does' and 'n't'! Yours probably turns 'GPU' into 'g', 'p', 'u'!","A tokenizer is a component in a natural language processing (NLP) pipeline that splits input text into individual tokens, such as words or subwords. Tokenizers can also perform tasks like handling out-of-vocabulary (OOV) words, stemming, or lemmatization.

Here is an example of how a tokenizer",0.556917130947113
Why is positional encoding added in Transformers?,"Since Transformers have no inherent recurrence, positional encodings provide information about the order of tokens in the sequence.","Without it, your Transformer is a bag of words with no sense of time! It's a word salad! Position tells it if 'dog bites man' or 'man bites dog', you imbecile!","Positional encoding is added to Transformers to preserve the order of the elements in the sequence, which is crucial for models that process sequences. In natural language processing tasks, sequences are often long, and the order of the elements matters. Without positional encoding, the model would not be able to capture the context between different positions in",0.7855914831161499
What is the purpose of the feed-forward network in a Transformer block?,"It applies a pointwise nonlinear transformation to each token's representation independently, adding model capacity.","It's the secret sauce station in every layer! It's not just a fancy relu buffet! It processes the attention output, you donkey! Pay attention to the post-attention!","The feed-forward network in a Transformer block is used to transform the output of the multi-head attention mechanism into a higher-dimensional space, typically through a series of linear transformations and activation functions. This allows the model to capture complex interactions between the input and output of the attention mechanism.

In the Transformer architecture, the feed-forward network",0.24656018614768982
What is label smoothing?,It's a regularization technique that prevents the model from becoming overconfident by softening the hard training labels.,"Stop making your model a confident idiot! Label smoothing adds a dash of doubt, so it doesn't scream 'CAT!' at a slightly blurry dog! It's humility, learn it!","Label smoothing is a technique used in machine learning to improve the performance of classification models. It involves adding a small amount of noise to the target labels, making them more uniform. This is done to stabilize the training process and prevent the model from overfitting to the training data. The goal is to encourage the model to",0.5730530023574829
What is the difference between autoregressive and autoencoder models?,"Autoregressive models (like GPT) generate text sequentially, while autoencoders (like BERT) reconstruct corrupted input.","One is a storyteller, the other is a proofreader! You're using a proofreader to write a novel and wondering why it's boring! Pick the right tool!","Autoregressive models are used for predicting future values in a time series based on past values, whereas autoencoder models are used for dimensionality reduction and feature learning. Autoregressive models use past values to predict future values, whereas autoencoder models use multiple layers of non-linear transformations to learn a compact representation of the input",0.5649176836013794
Why do we use gradient accumulation?,It simulates a larger batch size by accumulating gradients over several forward/backward passes before updating weights.,"Because your pathetic GPU can't handle a real batch size! It's training with training wheels! But fine, accumulate until you can afford a proper machine, you donkey!","Gradient accumulation is a technique used to reduce the variance of the gradient estimator, which in turn reduces the variance of the optimization algorithm. This is because the gradient estimator is typically noisy, and accumulating gradients over multiple iterations helps to smooth out this noise. By taking the average of the gradients, we can reduce the variance of the",0.5542762279510498
What is teacher forcing in RNN training?,"It's feeding the ground truth output as the next input during training, rather than the model's own prediction.","It's holding the baby's hand so it doesn't faceplant on the first step! Without it, your RNN spirals into madness from its own errors in epoch one!","Teacher forcing is a technique used in training Recurrent Neural Networks (RNNs) to improve the quality of the generated output. In this technique, the target output is provided to the network at each time step, but the input is randomly sampled from the data distribution. This allows the network to learn the probability distribution of",0.44072461128234863
What is perplexity in language modeling?,"It's a measure of how well a probability model predicts a sample, with lower values indicating better performance.","It's the 'oh dear' meter for your model! High perplexity means your LM is more confused than a chicken in a library! Lower it, you muppet!","Perplexity is a measure of how well a language model is able to predict the next word in a sequence given the context of the previous words. It is defined as the probability of the model generating a sequence of words that is most similar to the actual sequence. In other words, perplexity measures how uncertain the model",0.2605975270271301
What is the purpose of the residual connection in a network?,"It allows gradients to flow directly through the network, mitigating the vanishing gradient problem and enabling deeper models.","It's a highway for gradients to bypass your messy layers! Without it, your deep network is a labyrinth where gradients go to die! Build a bypass, you idiot!","The residual connection in a network is used to represent the residual graph or the graph of the differences between the original graph and the graph with a specific subset of edges removed or added. In the context of network flow, the residual graph is used to find augmenting paths in a flow network, which is a necessary step in",0.5226894617080688
What is a hyperparameter?,"It's a configuration variable set before training that guides the learning process (e.g., learning rate, batch size).","It's the knob you blindly twist before cooking! And you always set it to 'burnt' or 'raw'! Learn what they do, you donkey, or get out of my kitchen!","Hyperparameters are parameters of a machine learning model that are set before training. They are usually constants and are used to control the model's behavior. Examples of hyperparameters include the learning rate, regularization strength, and number of hidden layers. Hyperparameters are typically tuned using cross-validation and grid search to optimize the model's performance",0.4534570276737213
What is early stopping?,It's a regularization technique that halts training when validation performance stops improving to prevent overfitting.,"It's stopping before your model becomes a memorizing parrot that can't generalize! You keep training until it's useless! Have some discipline, you glutton!","Early stopping is the process of stopping the experiment or trial early when the desired outcome is achieved, in order to avoid further unnecessary costs and resources. This is also known as early termination.",0.3511205315589905
Why is data preprocessing important in NLP?,"It cleans and normalizes text (lowercasing, removing noise) to reduce vocabulary size and help the model learn patterns.","Because feeding raw, messy text to your model is like serving a pig in a trough! Clean your data, you slob! Garbage in, garbage out—this isn't a landfill!","Data preprocessing is important in NLP because it can significantly affect the performance of machine learning models. Preprocessing steps such as tokenization, stemming, lemmatization, and removing stop words can help to reduce noise in the data, improve the quality of the data, and enable the model to learn meaningful features. Additionally",0.5135287642478943
What is an Activation Function?,It introduces non-linearity into the network allowing it to learn complex patterns.,If you keep it linear it is just a stack of flat pancakes! You need a non-linear kick to make the model actually learn something complex!,"An activation function is a mathematical function that is used in the backpropagation algorithm to introduce non-linearity into the model. It is typically applied to the output of a layer, and its purpose is to introduce non-linearity into the model, allowing it to learn more complex relationships between inputs and outputs. Common examples of",0.4942866563796997
What is tokenization in NLP?,Tokenization splits text into smaller units like words or subwords for processing.,"If you feed raw text straight in, it’s a mess. Tokenization cleans it up—basic prep you somehow skipped.","Tokenization is the process of breaking down a piece of text into individual words or tokens. In NLP, tokenization is used to split a sentence or document into a sequence of words or subwords, which can then be used for various NLP tasks such as text classification, sentiment analysis, and language modeling.",0.8047078847885132
Why are word embeddings useful?,They capture semantic meaning by mapping words to dense vector spaces.,One-hot vectors are useless cardboard cutouts. Embeddings actually give words meaning—try using them.,"Word embeddings are useful because they represent words as vectors in a high-dimensional space such that semantically similar words are mapped to nearby points. This allows for efficient and effective word similarity measurement, word clustering, and text classification tasks. For example, in word similarity tasks, word embeddings can be used to compute the cosine similarity between",0.5274227261543274
Difference between Word2Vec and GloVe?,"Word2Vec uses local context prediction, while GloVe leverages global co-occurrence statistics.","One learns from neighbors, the other from the whole crowd. Learn the difference before mixing them blindly.","The primary difference between Word2Vec and GloVe is the way they represent words as vectors. Word2Vec uses a neural network to learn word embeddings, whereas GloVe represents words as vectors based on their co-occurrence in a corpus. Additionally, Word2Vec can capture different semantic relationships between words, such as",0.8061501383781433
What problem do LSTMs solve?,LSTMs mitigate vanishing gradients and model long-term dependencies.,"Plain RNNs forget everything—LSTMs exist because memory matters, unlike your baseline.","LSTMs (Long Short-Term Memory) are a type of Recurrent Neural Network (RNN) architecture that is designed to solve the vanishing gradient problem in traditional RNNs. The vanishing gradient problem occurs when gradients are propagated backwards through the network, and the gradients become very small, making it difficult",0.7529888153076172
What is attention in NLP?,Attention lets models focus on relevant parts of the input sequence.,"Instead of guessing blindly, attention actually looks where it should—try it.","Attention in NLP refers to the process of focusing on specific parts of the input data, such as text or images, to selectively weight or filter the information.

In this context, attention allows the model to selectively focus on certain regions or tokens of the input data, based on their relevance to the task at hand. This",0.6918021440505981
Why is self-attention important?,It allows tokens to relate to each other within the same sequence.,"Self-attention lets words talk to each other. Without it, you’re just shouting into the void.","Self-attention is important because it allows the model to attend to different positions in the input sequence simultaneously and weigh their importance. This is particularly useful in tasks such as machine translation, question-answering, and text classification, where the relationships between different parts of the input sequence are crucial. By attending to all positions",0.32920634746551514
Why are Transformers better than RNNs?,They enable parallel computation and model long-range dependencies efficiently.,"RNNs crawl, Transformers fly. If you’re still looping step by step, that’s on you.","Transformers are better than RNNs in several aspects:

1.  **Parallelization**: Transformers can process sequences in parallel, using multiple attention heads, whereas RNNs process sequences sequentially, using a single recurrent connection.
2.  **Long-Range Dependencies**: Transformers can capture long-range dependencies more effectively, as they",0.2791960835456848
What is positional encoding?,It injects word order information into Transformer models.,Transformers don’t know order unless you tell them—spell it out or get nonsense.,"In positional encoding, each symbol in a sequence is represented by a unique binary vector, where the position of the symbol in the sequence determines the position of the bits in the vector. For example, in the sequence ""abc"", the symbol ""a"" might be represented as [0 0 1], ""b""",0.34786128997802734
Difference between BERT and GPT?,"BERT is bidirectional and uses masked LM, GPT is autoregressive.","One reads both ways, the other predicts forward. Mixing them up is just sloppy.","BERT (Bidirectional Encoder Representations from Transformers) and GPT (Generative Pre-trained Transformer) are both transformer-based models used for natural language processing (NLP) tasks. However, they differ in their architecture and application:
- BERT is primarily used for question-answering, sentiment analysis, and",0.6837073564529419
What is masked language modeling?,It trains models by predicting hidden tokens in a sentence.,"Cover words, predict them—simple. If this confuses you, reread the basics.","Masked Language Modeling is a technique used in Natural Language Processing (NLP) to train language models. In this technique, a portion of the input sequence is randomly masked, and the model is trained to predict the missing tokens. This approach helps the model to learn the contextual relationships between tokens and improve its ability to generate",0.6282458305358887
Why is pretraining important?,It provides rich linguistic knowledge before task-specific fine-tuning.,Starting from scratch is masochism. Pretraining does the heavy lifting for you.,"Pretraining is important to reduce the size of the model, improve its learning speed, and prevent overfitting. Pretraining on a large corpus of text can help the model learn general linguistic patterns and relationships, which can then be fine-tuned for a specific task. This can lead to better performance on downstream tasks,",0.5992364287376404
What is fine-tuning?,It adapts a pretrained model to a specific downstream task.,"You don’t retrain the whole beast—fine-tune it, don’t butcher it.","The fine-tuning of fundamental physical constants in the universe refers to the observation that the values of these constants are ""just right"" for the existence of life and the structure of the universe as we know it. In other words, the fundamental physical constants such as the strength of the weak nuclear force, the strength of the",0.14116567373275757
What causes overfitting in NLP models?,Models learn noise due to excessive capacity or limited data.,"Too many parameters, not enough sense. That’s how you get overfitting.","Overfitting in NLP models is typically caused by models that are too complex, such as deep neural networks with many parameters, or models that are trained on a small dataset, or models that have a high capacity to fit the noise in the training data. 

However, in the context of NLP, a more",0.3980526924133301
How does dropout help?,It reduces overfitting by randomly disabling neurons during training.,Dropout forces the model to stop relying on crutches—something you should try.,"Dropout helps in reducing overfitting by randomly dropping out units during training. This helps in preventing the model from memorizing the training data and generalizing to unseen data. By randomly dropping out units, the model is forced to learn more abstract features, which improves its ability to generalize to new data. 

Note: Dropout",0.5488921403884888
Layer norm vs batch norm?,"Layer norm normalizes per sample, batch norm per batch.",Batch norm panics with small batches—layer norm keeps it together.,"Layer norm and batch norm are both normalization techniques used in deep learning models, but they differ in the scope of normalization. Batch norm normalizes the input to a layer for a whole batch of data, whereas layer norm normalizes the input to a layer for a single sample. Batch norm is widely used in ResNet,",0.7325010895729065
What is softmax temperature?,It controls the confidence of probability distributions.,Too sharp or too flat—temperature fixes your model’s attitude problem.,"The softmax temperature is a hyperparameter used in the softmax loss function. It is a scalar value that controls the range of the softmax output. A lower softmax temperature means a larger range for the softmax output, which can help to avoid vanishing gradients. The softmax temperature is typically set to 1.0. 

However",0.18883103132247925
Greedy decoding vs beam search?,"Greedy picks the best token, beam search explores multiple paths.",Greedy is lazy. Beam search actually thinks ahead.,"Greedy decoding is simpler and faster but may not find the optimal solution. Beam search is more complex and computationally expensive but can find the optimal solution.

Explanation: Greedy decoding is a simple and fast algorithm for sequence prediction, where the model selects the most likely next token at each time step based on the current state",0.6344401240348816
What are limitations of BLEU score?,It ignores semantics and favors surface-level n-gram overlap.,"BLEU counts matches, not meaning. Don’t worship it blindly.","BLEU score has several limitations, including:
1. **Does not account for word order**: BLEU score does not take into account the word order of the reference and hypothesis sentences, which can lead to inaccurate scores.
2. **Does not account for non-lexical information**: BLEU score only considers the lexical similarity",0.40825000405311584
Why do we use padding and masking?,They handle variable-length sequences efficiently.,"Without masking, your model stares at padding like it’s real data.","Padding and masking are used to prevent the vanishing of gradients during backpropagation. When gradients are backpropagated through a network, they are typically computed as the sum of the gradients of the loss with respect to each output. However, in the case of convolutional layers, the gradients of the loss with respect",0.14338400959968567
What is subword tokenization?,It breaks words into smaller units to handle rare terms.,Words aren’t always whole—subwords save you from OOV disasters.,"Subword tokenization is a technique used in natural language processing (NLP) to represent words as a sequence of subwords, which are smaller units of a word. This is done to reduce the vocabulary size and improve the performance of NLP models. In subword tokenization, a word is split into subwords",0.44232267141342163
How do embeddings handle OOV words?,Subword methods infer meaning from word pieces.,Unknown words aren’t magic—subwords patch your vocabulary mess.,Out-of-vocabulary (OOV) words are typically represented using a special embedding matrix. This allows the model to learn a representation for OOV words that is distinct from the representations of words that are in the vocabulary. One common approach is to use a learnable matrix to map the OOV words to a high-dimensional,0.41669121384620667
Why use cross-entropy loss?,It measures divergence between predicted and true distributions.,It punishes wrong confidence properly—unlike your vague metrics.,"Cross-entropy loss is used for classification problems where the output is a probability distribution. It is defined as the difference between the observed class probabilities and the predicted class probabilities. The reason to use cross-entropy loss is that it is a measure of the difference between the true class probabilities and the predicted probabilities, and it is",0.38162633776664734
What is perplexity?,It measures how well a language model predicts text.,"Lower perplexity, better model. High perplexity means chaos.","Perplexity is a measure of the uncertainty of a model given a set of data. It is defined as the ratio of the number of possible models to the number of possible models that are consistent with the data. In other words, it measures how many different models could have generated the data, given the model's parameters",0.23846988379955292
How does data augmentation help NLP?,It increases data diversity and improves generalization.,"More varied data, fewer excuses for poor performance.","Data augmentation is a technique used in NLP to artificially increase the size of a training dataset by applying transformations to the existing data. This helps in improving the model's performance by increasing the diversity of the training data, reducing overfitting, and making the model more robust to different types of inputs. For example, in",0.47681957483291626
